municipio,fecha,temperatura_media,temperatura_min,temperatura_max,observaciones_temperatura,humedad_media,humedad_min,humedad_max,observaciones_humedad,precipitacion_24h,hora_reporte_precipitacion,temperatura_media_original,temperatura_media_metodo,temperatura_media_es_imputado,humedad_media_original,humedad_media_metodo,humedad_media_es_imputado,precipitacion_24h_original,precipitacion_24h_metodo,precipitacion_24h_es_imputado
GUAYARAMERIN,2026-01-14 00:00:00+00:00,30.85,30.85,30.85,1.0,72.0,72.0,72.0,1.0,0.6000000000000001,2026-01-14 14:00:00+00:00,30.85,observado,False,72.0,observado,False,0.6000000000000001,observado,False
GUAYARAMERIN,2026-01-15 00:00:00+00:00,28.971333333333337,24.71,34.81,15.0,83.13333333333334,55.0,100.0,15.0,0.7000000000000001,2026-01-15 12:00:00+00:00,28.971333333333337,observado,False,83.13333333333334,observado,False,0.7000000000000001,observado,False
GUAYARAMERIN,2026-01-16 00:00:00+00:00,26.347894736842107,24.2,29.05,19.0,94.36842105263158,80.0,100.0,19.0,3.4000000000000004,2026-01-16 12:00:00+00:00,26.347894736842107,observado,False,94.36842105263158,observado,False,3.4000000000000004,observado,False
GUAYARAMERIN,2026-01-17 00:00:00+00:00,25.370526315789476,22.99,30.02,19.0,94.05263157894736,81.0,100.0,19.0,0.1,2026-01-17 12:00:00+00:00,25.370526315789476,observado,False,94.05263157894736,observado,False,0.1,observado,False
GUAYARAMERIN,2026-01-18 00:00:00+00:00,28.039473684210527,22.14,33.06,19.0,84.63157894736842,61.0,100.0,19.0,3.8,2026-01-18 12:00:00+00:00,28.039473684210527,observado,False,84.63157894736842,observado,False,3.8,observado,False
GUAYARAMERIN,2026-01-19 00:00:00+00:00,28.706842105263156,23.47,33.94,19.0,84.6842105263158,60.0,100.0,19.0,0.0,2026-01-19 12:00:00+00:00,28.706842105263156,observado,False,84.6842105263158,observado,False,0.0,observado,False
GUAYARAMERIN,2026-01-20 00:00:00+00:00,25.49809523809524,23.66,29.65,21.0,98.1904761904762,82.0,100.0,21.0,2.2,2026-01-20 12:00:00+00:00,25.49809523809524,observado,False,98.1904761904762,observado,False,2.2,observado,False
GUAYARAMERIN,2026-01-21 00:00:00+00:00,27.018,23.59,32.29,20.0,89.05,66.0,100.0,20.0,17.6,2026-01-21 10:00:00+00:00,27.018,observado,False,89.05,observado,False,17.6,observado,False
GUAYARAMERIN,2026-01-22 00:00:00+00:00,26.238333333333333,22.83,30.54,24.0,95.54166666666669,81.0,100.0,24.0,5.7,2026-01-22 12:00:00+00:00,26.238333333333333,observado,False,95.54166666666669,observado,False,5.7,observado,False
GUAYARAMERIN,2026-01-23 00:00:00+00:00,26.264583333333334,23.05,31.57,24.0,92.83333333333331,75.0,100.0,24.0,24.700000000000003,2026-01-23 12:00:00+00:00,26.264583333333334,observado,False,92.83333333333331,observado,False,24.700000000000003,observado,False
GUAYARAMERIN,2026-01-24 00:00:00+00:00,26.28833333333333,24.67,31.91,24.0,97.04166666666669,79.0,100.0,24.0,10.6,2026-01-24 12:00:00+00:00,26.28833333333333,observado,False,97.04166666666669,observado,False,10.6,observado,False
GUAYARAMERIN,2026-01-25 00:00:00+00:00,24.840833333333332,23.96,25.36,24.0,99.95833333333331,99.0,100.0,24.0,0.0,2026-01-25 12:00:00+00:00,24.840833333333332,observado,False,99.95833333333331,observado,False,0.0,observado,False
GUAYARAMERIN,2026-01-26 00:00:00+00:00,25.78333333333333,22.91,31.47,24.0,93.66666666666669,74.0,100.0,24.0,21.200000000000003,2026-01-26 12:00:00+00:00,25.78333333333333,observado,False,93.66666666666669,observado,False,21.200000000000003,observado,False
GUAYARAMERIN,2026-01-27 00:00:00+00:00,25.311666666666667,23.2,29.2,24.0,98.16666666666669,85.0,100.0,24.0,5.9,2026-01-27 12:00:00+00:00,25.311666666666667,observado,False,98.16666666666669,observado,False,5.9,observado,False
GUAYARAMERIN,2026-01-28 00:00:00+00:00,26.09375,23.27,32.43,24.0,91.58333333333331,63.0,100.0,24.0,20.3,2026-01-28 12:00:00+00:00,26.09375,observado,False,91.58333333333331,observado,False,20.3,observado,False
GUAYARAMERIN,2026-01-29 00:00:00+00:00,26.848333333333333,24.38,31.7,24.0,93.75,70.0,100.0,24.0,0.0,2026-01-29 12:00:00+00:00,26.848333333333333,observado,False,93.75,observado,False,0.0,observado,False
GUAYARAMERIN,2026-01-30 00:00:00+00:00,26.53125,23.82,32.59,24.0,93.83333333333331,68.0,100.0,24.0,4.2,2026-01-30 12:00:00+00:00,26.53125,observado,False,93.83333333333331,observado,False,4.2,observado,False
GUAYARAMERIN,2026-01-31 00:00:00+00:00,27.64375,23.81,33.99,24.0,89.79166666666667,62.0,100.0,24.0,2.2,2026-01-31 12:00:00+00:00,27.64375,observado,False,89.79166666666667,observado,False,2.2,observado,False
GUAYARAMERIN,2026-02-01 00:00:00+00:00,27.034583333333337,24.14,31.26,24.0,92.08333333333331,76.0,100.0,24.0,0.1,2026-02-01 12:00:00+00:00,27.034583333333337,observado,False,92.08333333333331,observado,False,0.1,observado,False
GUAYARAMERIN,2026-02-02 00:00:00+00:00,27.977083333333336,23.87,33.5,24.0,86.95833333333333,62.0,100.0,24.0,0.0,2026-02-02 12:00:00+00:00,27.977083333333336,observado,False,86.95833333333333,observado,False,0.0,observado,False
GUAYARAMERIN,2026-02-03 00:00:00+00:00,27.424583333333334,23.62,33.76,24.0,90.45833333333331,68.0,100.0,24.0,0.3,2026-02-03 12:00:00+00:00,27.424583333333334,observado,False,90.45833333333331,observado,False,0.3,observado,False
GUAYARAMERIN,2026-02-04 00:00:00+00:00,28.03,23.97,34.06,24.0,86.91666666666667,60.0,100.0,24.0,2.7,2026-02-04 12:00:00+00:00,28.03,observado,False,86.91666666666667,observado,False,2.7,observado,False
GUAYARAMERIN,2026-02-05 00:00:00+00:00,25.018260869565218,22.97,27.85,23.0,98.21739130434784,88.0,100.0,23.0,21.700000000000003,2026-02-05 12:00:00+00:00,25.018260869565218,observado,False,98.21739130434784,observado,False,21.700000000000003,observado,False
GUAYARAMERIN,2026-02-06 00:00:00+00:00,26.527083333333337,23.03,33.67,24.0,91.29166666666669,63.0,100.0,24.0,13.6,2026-02-06 12:00:00+00:00,26.527083333333337,observado,False,91.29166666666669,observado,False,13.6,observado,False
GUAYARAMERIN,2026-02-07 00:00:00+00:00,27.159166666666668,23.99,32.57,24.0,91.5,70.0,100.0,24.0,31.700000000000003,2026-02-07 12:00:00+00:00,27.159166666666668,observado,False,91.5,observado,False,31.700000000000003,observado,False
GUAYARAMERIN,2026-02-08 00:00:00+00:00,27.465416666666663,23.95,32.53,24.0,90.29166666666669,70.0,100.0,24.0,0.0,2026-02-08 12:00:00+00:00,27.465416666666663,observado,False,90.29166666666669,observado,False,0.0,observado,False
GUAYARAMERIN,2026-02-09 00:00:00+00:00,27.204583333333332,24.0,32.35,24.0,89.29166666666667,62.0,100.0,24.0,2.1,2026-02-09 12:00:00+00:00,27.204583333333332,observado,False,89.29166666666667,observado,False,2.1,observado,False
GUAYARAMERIN,2026-02-10 00:00:00+00:00,24.8125,23.45,27.51,24.0,98.66666666666669,89.0,100.0,24.0,0.0,2026-02-10 12:00:00+00:00,24.8125,observado,False,98.66666666666669,observado,False,0.0,observado,False
GUAYARAMERIN,2026-02-11 00:00:00+00:00,24.888333333333335,23.15,30.85,24.0,97.20833333333331,74.0,100.0,24.0,20.8,2026-02-11 12:00:00+00:00,24.888333333333335,observado,False,97.20833333333331,observado,False,20.8,observado,False
GUAYARAMERIN,2026-02-12 00:00:00+00:00,25.88291666666667,22.95,31.2,24.0,93.08333333333331,70.0,100.0,24.0,14.3,2026-02-12 12:00:00+00:00,25.88291666666667,observado,False,93.08333333333331,observado,False,14.3,observado,False
GUAYARAMERIN,2026-02-13 00:00:00+00:00,26.47125,23.53,31.21,24.0,90.33333333333331,63.0,100.0,24.0,0.0,2026-02-13 12:00:00+00:00,26.47125,observado,False,90.33333333333331,observado,False,0.0,observado,False
GUAYARAMERIN,2026-02-14 00:00:00+00:00,25.13125,23.48,30.6,24.0,96.83333333333331,79.0,100.0,24.0,0.0,2026-02-14 12:00:00+00:00,25.13125,observado,False,96.83333333333331,observado,False,0.0,observado,False
GUAYARAMERIN,2026-02-15 00:00:00+00:00,24.18875,22.01,27.79,24.0,96.83333333333331,82.0,100.0,24.0,29.9,2026-02-15 12:00:00+00:00,24.18875,observado,False,96.83333333333331,observado,False,29.9,observado,False
GUAYARAMERIN,2026-02-16 00:00:00+00:00,25.655,22.2,31.97,24.0,90.58333333333331,66.0,100.0,24.0,26.4,2026-02-16 12:00:00+00:00,25.655,observado,False,90.58333333333331,observado,False,26.4,observado,False
GUAYARAMERIN,2026-02-17 00:00:00+00:00,25.865,22.37,33.29,24.0,91.91666666666669,64.0,100.0,24.0,0.0,2026-02-17 12:00:00+00:00,25.865,observado,False,91.91666666666669,observado,False,0.0,observado,False
GUAYARAMERIN,2026-02-18 00:00:00+00:00,25.9375,22.04,31.81,24.0,92.91666666666669,68.0,100.0,24.0,0.6000000000000001,2026-02-18 12:00:00+00:00,25.9375,observado,False,92.91666666666669,observado,False,0.6000000000000001,observado,False
GUAYARAMERIN,2026-02-19 00:00:00+00:00,26.45125,23.75,31.81,24.0,92.0,65.0,100.0,24.0,5.5,2026-02-19 12:00:00+00:00,26.45125,observado,False,92.0,observado,False,5.5,observado,False
GUAYARAMERIN,2026-02-20 00:00:00+00:00,27.04875,22.61,34.08,24.0,89.41666666666667,61.0,100.0,24.0,0.6000000000000001,2026-02-20 12:00:00+00:00,27.04875,observado,False,89.41666666666667,observado,False,0.6000000000000001,observado,False
GUAYARAMERIN,2026-02-21 00:00:00+00:00,26.650833333333335,23.39,32.39,24.0,90.95833333333331,65.0,100.0,24.0,0.0,2026-02-21 12:00:00+00:00,26.650833333333335,observado,False,90.95833333333331,observado,False,0.0,observado,False
GUAYARAMERIN,2026-02-22 00:00:00+00:00,25.68625,23.84,29.68,24.0,95.83333333333331,80.0,100.0,24.0,9.2,2026-02-22 12:00:00+00:00,25.68625,observado,False,95.83333333333331,observado,False,9.2,observado,False
GUAYARAMERIN,2026-02-23 00:00:00+00:00,26.27333333333333,23.84,31.63,24.0,93.25,68.0,100.0,24.0,4.800000000000001,2026-02-23 12:00:00+00:00,26.27333333333333,observado,False,93.25,observado,False,4.800000000000001,observado,False
GUAYARAMERIN,2026-02-24 00:00:00+00:00,26.580833333333334,23.45,30.77,24.0,90.16666666666669,70.0,100.0,24.0,0.5,2026-02-24 12:00:00+00:00,26.580833333333334,observado,False,90.16666666666669,observado,False,0.5,observado,False
GUAYARAMERIN,2026-02-25 00:00:00+00:00,25.768333333333334,23.61,32.71,24.0,95.54166666666669,69.0,100.0,24.0,0.0,2026-02-25 12:00:00+00:00,25.768333333333334,observado,False,95.54166666666669,observado,False,0.0,observado,False
GUAYARAMERIN,2026-02-26 00:00:00+00:00,25.782916666666665,23.23,31.03,24.0,92.95833333333331,74.0,100.0,24.0,11.9,2026-02-26 12:00:00+00:00,25.782916666666665,observado,False,92.95833333333331,observado,False,11.9,observado,False
GUAYARAMERIN,2026-02-27 00:00:00+00:00,26.285416666666663,23.14,32.75,24.0,90.04166666666667,65.0,100.0,24.0,7.6,2026-02-27 12:00:00+00:00,26.285416666666663,observado,False,90.04166666666667,observado,False,7.6,observado,False
GUAYARAMERIN,2026-02-28 00:00:00+00:00,27.699166666666667,23.5,34.1,24.0,86.45833333333333,58.0,100.0,24.0,0.0,2026-02-28 12:00:00+00:00,27.699166666666667,observado,False,86.45833333333333,observado,False,0.0,observado,False
GUAYARAMERIN,2026-03-01 00:00:00+00:00,26.557083333333335,22.81,32.1,24.0,91.95833333333331,70.0,100.0,24.0,0.5,2026-03-01 12:00:00+00:00,26.557083333333335,observado,False,91.95833333333331,observado,False,0.5,observado,False
GUAYARAMERIN,2026-03-02 00:00:00+00:00,27.429999999999996,24.4,32.57,24.0,91.16666666666669,65.0,100.0,24.0,0.2,2026-03-02 12:00:00+00:00,27.429999999999996,observado,False,91.16666666666669,observado,False,0.2,observado,False
GUAYARAMERIN,2026-03-03 00:00:00+00:00,28.214166666666667,24.34,35.13,24.0,88.41666666666667,62.0,100.0,24.0,0.0,2026-03-03 12:00:00+00:00,28.214166666666667,observado,False,88.41666666666667,observado,False,0.0,observado,False
GUAYARAMERIN,2026-03-04 00:00:00+00:00,25.895416666666662,23.56,32.07,24.0,96.29166666666669,73.0,100.0,24.0,0.0,2026-03-04 12:00:00+00:00,25.895416666666662,observado,False,96.29166666666669,observado,False,0.0,observado,False
GUAYARAMERIN,2026-03-05 00:00:00+00:00,26.075,23.25,31.14,24.0,91.66666666666669,67.0,100.0,24.0,4.2,2026-03-05 12:00:00+00:00,26.075,observado,False,91.66666666666669,observado,False,4.2,observado,False
GUAYARAMERIN,2026-03-06 00:00:00+00:00,26.08583333333333,23.28,32.14,24.0,93.25,66.0,100.0,24.0,0.0,2026-03-06 12:00:00+00:00,26.08583333333333,observado,False,93.25,observado,False,0.0,observado,False
GUAYARAMERIN,2026-03-07 00:00:00+00:00,27.029583333333335,24.15,33.28,24.0,90.75,63.0,100.0,24.0,1.5,2026-03-07 12:00:00+00:00,27.029583333333335,observado,False,90.75,observado,False,1.5,observado,False
GUAYARAMERIN,2026-03-08 00:00:00+00:00,24.587142857142855,24.33,25.22,7.0,100.0,100.0,100.0,7.0,0.5,2026-03-08 06:00:00+00:00,24.587142857142855,observado,False,100.0,observado,False,0.5,observado,False
GUAYARAMERIN,2026-03-09 00:00:00+00:00,30.965454545454545,27.06,33.52,11.0,74.54545454545455,63.0,92.0,11.0,0.0,2026-03-09 13:00:00+00:00,30.965454545454545,observado,False,74.54545454545455,observado,False,0.0,observado,False
GUAYARAMERIN,2026-03-10 00:00:00+00:00,26.573888888888888,23.59,32.86,18.0,93.16666666666669,69.0,100.0,18.0,8.700000000000001,2026-03-10 12:00:00+00:00,26.573888888888888,observado,False,93.16666666666669,observado,False,8.700000000000001,observado,False
GUAYARAMERIN,2026-03-11 00:00:00+00:00,28.793944444444442,,,,83.38333333333334,,,,12.600000000000001,,,interpolacion_lineal,True,,interpolacion_lineal,True,,interpolacion_lineal,True
GUAYARAMERIN,2026-03-12 00:00:00+00:00,31.014,26.44,33.89,5.0,73.6,55.0,100.0,5.0,16.5,2026-03-12 19:00:00+00:00,31.014,observado,False,73.6,observado,False,16.5,observado,False
GUAYARAMERIN,2026-03-13 00:00:00+00:00,27.3625,23.53,34.11,24.0,90.08333333333331,63.0,100.0,24.0,0.0,2026-03-13 12:00:00+00:00,27.3625,observado,False,90.08333333333331,observado,False,0.0,observado,False
GUAYARAMERIN,2026-03-14 00:00:00+00:00,26.422916666666666,22.66,33.04,24.0,90.45833333333331,65.0,100.0,24.0,8.200000000000001,2026-03-14 12:00:00+00:00,26.422916666666666,observado,False,90.45833333333331,observado,False,8.200000000000001,observado,False
GUAYARAMERIN,2026-03-15 00:00:00+00:00,27.732916666666668,24.45,33.04,24.0,89.70833333333333,67.0,100.0,24.0,0.0,2026-03-15 12:00:00+00:00,27.732916666666668,observado,False,89.70833333333333,observado,False,0.0,observado,False
GUAYARAMERIN,2026-03-16 00:00:00+00:00,26.674166666666665,23.58,31.75,24.0,91.58333333333331,70.0,100.0,24.0,37.6,2026-03-16 12:00:00+00:00,26.674166666666665,observado,False,91.58333333333331,observado,False,37.6,observado,False
GUAYARAMERIN,2026-03-17 00:00:00+00:00,26.45125,24.82,32.07,24.0,97.79166666666669,83.0,100.0,24.0,0.0,2026-03-17 12:00:00+00:00,26.45125,observado,False,97.79166666666669,observado,False,0.0,observado,False
GUAYARAMERIN,2026-03-18 00:00:00+00:00,26.747083333333336,24.27,32.7,24.0,92.20833333333331,65.0,100.0,24.0,3.4000000000000004,2026-03-18 12:00:00+00:00,26.747083333333336,observado,False,92.20833333333331,observado,False,3.4000000000000004,observado,False
GUAYARAMERIN,2026-03-19 00:00:00+00:00,27.295416666666668,23.66,33.42,24.0,88.66666666666667,60.0,100.0,24.0,0.3,2026-03-19 12:00:00+00:00,27.295416666666668,observado,False,88.66666666666667,observado,False,0.3,observado,False
GUAYARAMERIN,2026-03-20 00:00:00+00:00,27.37875,24.55,34.1,24.0,91.79166666666669,58.0,100.0,24.0,0.0,2026-03-20 12:00:00+00:00,27.37875,observado,False,91.79166666666669,observado,False,0.0,observado,False
GUAYARAMERIN,2026-03-21 00:00:00+00:00,25.87375,22.16,32.27,24.0,94.54166666666669,75.0,100.0,24.0,19.3,2026-03-21 12:00:00+00:00,25.87375,observado,False,94.54166666666669,observado,False,19.3,observado,False
GUAYARAMERIN,2026-03-22 00:00:00+00:00,25.573333333333338,22.85,31.0,24.0,95.79166666666669,75.0,100.0,24.0,10.8,2026-03-22 12:00:00+00:00,25.573333333333338,observado,False,95.79166666666669,observado,False,10.8,observado,False
GUAYARAMERIN,2026-03-23 00:00:00+00:00,26.75208333333333,22.53,34.33,24.0,89.25,59.0,100.0,24.0,5.1000000000000005,2026-03-23 12:00:00+00:00,26.75208333333333,observado,False,89.25,observado,False,5.1000000000000005,observado,False
GUAYARAMERIN,2026-03-24 00:00:00+00:00,27.204166666666666,22.42,32.95,24.0,95.04166666666669,74.0,100.0,24.0,0.0,2026-03-24 12:00:00+00:00,27.204166666666666,observado,False,95.04166666666669,observado,False,0.0,observado,False
GUAYARAMERIN,2026-03-25 00:00:00+00:00,25.7975,23.02,31.09,24.0,93.95833333333331,77.0,100.0,24.0,36.4,2026-03-25 12:00:00+00:00,25.7975,observado,False,93.95833333333331,observado,False,36.4,observado,False
GUAYARAMERIN,2026-03-26 00:00:00+00:00,24.21666666666667,22.88,27.35,24.0,98.70833333333331,90.0,100.0,24.0,4.2,2026-03-26 12:00:00+00:00,24.21666666666667,observado,False,98.70833333333331,observado,False,4.2,observado,False
GUAYARAMERIN,2026-03-27 00:00:00+00:00,25.597083333333337,22.82,31.35,24.0,92.625,68.0,100.0,24.0,1.0,2026-03-27 12:00:00+00:00,25.597083333333337,observado,False,92.625,observado,False,1.0,observado,False
GUAYARAMERIN,2026-03-28 00:00:00+00:00,24.807916666666667,23.54,28.38,24.0,98.70833333333331,86.0,100.0,24.0,6.9,2026-03-28 12:00:00+00:00,24.807916666666667,observado,False,98.70833333333331,observado,False,6.9,observado,False
GUAYARAMERIN,2026-03-29 00:00:00+00:00,23.182307692307692,22.77,24.09,13.0,100.0,100.0,100.0,13.0,27.5,2026-03-29 12:00:00+00:00,23.182307692307692,observado,False,100.0,observado,False,27.5,observado,False
GUAYARAMERIN,2026-03-30 00:00:00+00:00,29.34181818181818,25.1,31.75,11.0,79.36363636363636,68.0,100.0,11.0,3.6,2026-03-30 13:00:00+00:00,29.34181818181818,observado,False,79.36363636363636,observado,False,3.6,observado,False
GUAYARAMERIN,2026-03-31 00:00:00+00:00,25.960416666666664,22.91,32.71,24.0,93.83333333333331,65.0,100.0,24.0,0.0,2026-03-31 12:00:00+00:00,25.960416666666664,observado,False,93.83333333333331,observado,False,0.0,observado,False
GUAYARAMERIN,2026-04-01 00:00:00+00:00,26.956666666666667,23.6,33.07,24.0,90.875,71.0,100.0,24.0,1.0,2026-04-01 12:00:00+00:00,26.956666666666667,observado,False,90.875,observado,False,1.0,observado,False
GUAYARAMERIN,2026-04-02 00:00:00+00:00,27.075,22.11,33.41,24.0,89.875,63.0,100.0,24.0,0.2,2026-04-02 12:00:00+00:00,27.075,observado,False,89.875,observado,False,0.2,observado,False
GUAYARAMERIN,2026-04-03 00:00:00+00:00,26.8725,22.91,32.93,24.0,91.45833333333331,71.0,100.0,24.0,0.3,2026-04-03 12:00:00+00:00,26.8725,observado,False,91.45833333333331,observado,False,0.3,observado,False
GUAYARAMERIN,2026-04-04 00:00:00+00:00,24.920714285714286,23.7,29.25,14.0,99.57142857142856,94.0,100.0,14.0,11.2,2026-04-04 12:00:00+00:00,24.920714285714286,observado,False,99.57142857142856,observado,False,11.2,observado,False
IXIAMAS,2026-01-14 00:00:00+00:00,26.62,26.62,26.62,1.0,86.0,86.0,86.0,1.0,22.700000000000003,2026-01-14 14:00:00+00:00,26.62,observado,False,86.0,observado,False,22.700000000000003,observado,False
IXIAMAS,2026-01-15 00:00:00+00:00,27.423333333333336,23.48,30.18,15.0,76.6,64.0,98.0,15.0,0.3,2026-01-15 12:00:00+00:00,27.423333333333336,observado,False,76.6,observado,False,0.3,observado,False
IXIAMAS,2026-01-16 00:00:00+00:00,25.836842105263155,21.96,30.04,19.0,85.42105263157895,66.0,99.0,19.0,0.0,2026-01-16 12:00:00+00:00,25.836842105263155,observado,False,85.42105263157895,observado,False,0.0,observado,False
IXIAMAS,2026-01-17 00:00:00+00:00,24.88315789473684,22.2,28.68,19.0,89.0,72.0,99.0,19.0,0.0,2026-01-17 12:00:00+00:00,24.88315789473684,observado,False,89.0,observado,False,0.0,observado,False
IXIAMAS,2026-01-18 00:00:00+00:00,26.56421052631579,22.04,31.59,19.0,81.63157894736842,61.0,99.0,19.0,0.0,2026-01-18 12:00:00+00:00,26.56421052631579,observado,False,81.63157894736842,observado,False,0.0,observado,False
IXIAMAS,2026-01-19 00:00:00+00:00,24.88578947368421,21.5,29.68,19.0,90.0,72.0,99.0,19.0,0.0,2026-01-19 12:00:00+00:00,24.88578947368421,observado,False,90.0,observado,False,0.0,observado,False
IXIAMAS,2026-01-20 00:00:00+00:00,22.828095238095237,21.15,25.21,21.0,97.85714285714286,92.0,99.0,21.0,61.5,2026-01-20 12:00:00+00:00,22.828095238095237,observado,False,97.85714285714286,observado,False,61.5,observado,False
IXIAMAS,2026-01-21 00:00:00+00:00,24.534,21.66,30.21,20.0,89.75,62.0,99.0,20.0,76.10000000000001,2026-01-21 10:00:00+00:00,24.534,observado,False,89.75,observado,False,76.10000000000001,observado,False
IXIAMAS,2026-01-22 00:00:00+00:00,26.19761904761905,21.84,32.96,21.0,81.66666666666667,49.0,99.0,21.0,13.1,2026-01-22 12:00:00+00:00,26.19761904761905,observado,False,81.66666666666667,observado,False,13.1,observado,False
IXIAMAS,2026-01-23 00:00:00+00:00,26.777916666666663,21.58,33.6,24.0,79.625,48.0,99.0,24.0,0.0,2026-01-23 12:00:00+00:00,26.777916666666663,observado,False,79.625,observado,False,0.0,observado,False
IXIAMAS,2026-01-24 00:00:00+00:00,26.565833333333337,21.42,32.89,24.0,81.04166666666667,51.0,99.0,24.0,0.0,2026-01-24 12:00:00+00:00,26.565833333333337,observado,False,81.04166666666667,observado,False,0.0,observado,False
IXIAMAS,2026-01-25 00:00:00+00:00,25.282916666666665,21.56,30.97,24.0,88.45833333333333,61.0,99.0,24.0,0.0,2026-01-25 12:00:00+00:00,25.282916666666665,observado,False,88.45833333333333,observado,False,0.0,observado,False
IXIAMAS,2026-01-26 00:00:00+00:00,25.557083333333335,21.99,31.69,24.0,88.41666666666667,64.0,99.0,24.0,0.0,2026-01-26 12:00:00+00:00,25.557083333333335,observado,False,88.41666666666667,observado,False,0.0,observado,False
IXIAMAS,2026-01-27 00:00:00+00:00,23.07541666666667,20.13,25.88,24.0,97.91666666666669,92.0,99.0,24.0,45.400000000000006,2026-01-27 12:00:00+00:00,23.07541666666667,observado,False,97.91666666666669,observado,False,45.400000000000006,observado,False
IXIAMAS,2026-01-28 00:00:00+00:00,24.1975,21.9,29.49,24.0,92.04166666666669,69.0,99.0,24.0,27.0,2026-01-28 12:00:00+00:00,24.1975,observado,False,92.04166666666669,observado,False,27.0,observado,False
IXIAMAS,2026-01-29 00:00:00+00:00,24.6725,21.63,31.15,24.0,90.41666666666669,62.0,99.0,24.0,61.400000000000006,2026-01-29 12:00:00+00:00,24.6725,observado,False,90.41666666666669,observado,False,61.400000000000006,observado,False
IXIAMAS,2026-01-30 00:00:00+00:00,24.296521739130437,21.89,30.08,23.0,93.34782608695652,70.0,99.0,23.0,2.7,2026-01-30 12:00:00+00:00,24.296521739130437,observado,False,93.34782608695652,observado,False,2.7,observado,False
IXIAMAS,2026-01-31 00:00:00+00:00,25.93166666666667,21.22,32.3,24.0,85.75,62.0,99.0,24.0,0.0,2026-01-31 12:00:00+00:00,25.93166666666667,observado,False,85.75,observado,False,0.0,observado,False
IXIAMAS,2026-02-01 00:00:00+00:00,26.165000000000003,23.76,29.62,24.0,87.41666666666667,68.0,98.0,24.0,0.1,2026-02-01 12:00:00+00:00,26.165000000000003,observado,False,87.41666666666667,observado,False,0.1,observado,False
IXIAMAS,2026-02-02 00:00:00+00:00,25.125,21.5,30.12,24.0,83.125,60.0,99.0,24.0,0.4,2026-02-02 12:00:00+00:00,25.125,observado,False,83.125,observado,False,0.4,observado,False
IXIAMAS,2026-02-03 00:00:00+00:00,25.204166666666666,22.95,29.1,24.0,89.04166666666667,65.0,99.0,24.0,1.5,2026-02-03 12:00:00+00:00,25.204166666666666,observado,False,89.04166666666667,observado,False,1.5,observado,False
IXIAMAS,2026-02-04 00:00:00+00:00,24.235416666666666,21.86,27.81,24.0,92.25,76.0,99.0,24.0,2.0,2026-02-04 12:00:00+00:00,24.235416666666666,observado,False,92.25,observado,False,2.0,observado,False
IXIAMAS,2026-02-05 00:00:00+00:00,24.586363636363636,20.95,30.52,22.0,84.86363636363636,63.0,99.0,22.0,5.0,2026-02-05 12:00:00+00:00,24.586363636363636,observado,False,84.86363636363636,observado,False,5.0,observado,False
IXIAMAS,2026-02-06 00:00:00+00:00,25.880416666666665,21.47,31.9,24.0,85.33333333333333,63.0,99.0,24.0,0.0,2026-02-06 12:00:00+00:00,25.880416666666665,observado,False,85.33333333333333,observado,False,0.0,observado,False
IXIAMAS,2026-02-07 00:00:00+00:00,26.58875,23.18,31.16,24.0,86.875,68.0,99.0,24.0,0.0,2026-02-07 12:00:00+00:00,26.58875,observado,False,86.875,observado,False,0.0,observado,False
IXIAMAS,2026-02-08 00:00:00+00:00,24.878333333333337,21.82,30.96,24.0,89.25,61.0,99.0,24.0,0.6000000000000001,2026-02-08 12:00:00+00:00,24.878333333333337,observado,False,89.25,observado,False,0.6000000000000001,observado,False
IXIAMAS,2026-02-09 00:00:00+00:00,24.940833333333337,21.71,31.24,24.0,88.375,64.0,99.0,24.0,1.2000000000000002,2026-02-09 12:00:00+00:00,24.940833333333337,observado,False,88.375,observado,False,1.2000000000000002,observado,False
IXIAMAS,2026-02-10 00:00:00+00:00,26.57875,22.51,32.78,24.0,86.54166666666667,61.0,99.0,24.0,0.0,2026-02-10 12:00:00+00:00,26.57875,observado,False,86.54166666666667,observado,False,0.0,observado,False
IXIAMAS,2026-02-11 00:00:00+00:00,26.198333333333338,22.99,31.2,24.0,87.20833333333333,60.0,99.0,24.0,0.0,2026-02-11 12:00:00+00:00,26.198333333333338,observado,False,87.20833333333333,observado,False,0.0,observado,False
IXIAMAS,2026-02-12 00:00:00+00:00,25.61875,21.63,31.26,24.0,84.0,59.0,99.0,24.0,1.4,2026-02-12 12:00:00+00:00,25.61875,observado,False,84.0,observado,False,1.4,observado,False
IXIAMAS,2026-02-13 00:00:00+00:00,25.12708333333333,22.44,29.38,24.0,89.54166666666667,71.0,99.0,24.0,0.5,2026-02-13 12:00:00+00:00,25.12708333333333,observado,False,89.54166666666667,observado,False,0.5,observado,False
IXIAMAS,2026-02-14 00:00:00+00:00,24.995833333333337,21.62,30.79,24.0,89.66666666666667,66.0,99.0,24.0,34.800000000000004,2026-02-14 12:00:00+00:00,24.995833333333337,observado,False,89.66666666666667,observado,False,34.800000000000004,observado,False
IXIAMAS,2026-02-15 00:00:00+00:00,23.1125,21.83,28.56,24.0,96.29166666666669,68.0,99.0,24.0,40.7,2026-02-15 12:00:00+00:00,23.1125,observado,False,96.29166666666669,observado,False,40.7,observado,False
IXIAMAS,2026-02-16 00:00:00+00:00,23.632499999999997,21.04,29.46,24.0,92.25,65.0,99.0,24.0,41.0,2026-02-16 12:00:00+00:00,23.632499999999997,observado,False,92.25,observado,False,41.0,observado,False
IXIAMAS,2026-02-17 00:00:00+00:00,24.68541666666667,21.39,31.11,24.0,89.5,62.0,99.0,24.0,12.1,2026-02-17 12:00:00+00:00,24.68541666666667,observado,False,89.5,observado,False,12.1,observado,False
IXIAMAS,2026-02-18 00:00:00+00:00,25.714583333333337,21.54,32.77,24.0,85.29166666666667,54.0,99.0,24.0,2.0,2026-02-18 12:00:00+00:00,25.714583333333337,observado,False,85.29166666666667,observado,False,2.0,observado,False
IXIAMAS,2026-02-19 00:00:00+00:00,26.257916666666663,21.78,32.78,24.0,83.75,55.0,99.0,24.0,0.0,2026-02-19 12:00:00+00:00,26.257916666666663,observado,False,83.75,observado,False,0.0,observado,False
IXIAMAS,2026-02-20 00:00:00+00:00,25.232916666666668,22.66,31.05,24.0,89.58333333333333,61.0,99.0,24.0,0.0,2026-02-20 12:00:00+00:00,25.232916666666668,observado,False,89.58333333333333,observado,False,0.0,observado,False
IXIAMAS,2026-02-21 00:00:00+00:00,24.855416666666667,20.07,31.78,24.0,83.54166666666667,53.0,99.0,24.0,2.0,2026-02-21 12:00:00+00:00,24.855416666666667,observado,False,83.54166666666667,observado,False,2.0,observado,False
IXIAMAS,2026-02-22 00:00:00+00:00,25.51875,22.64,30.58,24.0,89.54166666666667,61.0,99.0,24.0,0.0,2026-02-22 12:00:00+00:00,25.51875,observado,False,89.54166666666667,observado,False,0.0,observado,False
IXIAMAS,2026-02-23 00:00:00+00:00,23.58875,21.31,27.61,24.0,95.625,81.0,99.0,24.0,35.2,2026-02-23 12:00:00+00:00,23.58875,observado,False,95.625,observado,False,35.2,observado,False
IXIAMAS,2026-02-24 00:00:00+00:00,23.8375,21.91,28.39,24.0,94.16666666666669,76.0,99.0,24.0,16.5,2026-02-24 12:00:00+00:00,23.8375,observado,False,94.16666666666669,observado,False,16.5,observado,False
IXIAMAS,2026-02-25 00:00:00+00:00,23.02416666666667,20.42,27.49,24.0,95.125,80.0,99.0,24.0,37.4,2026-02-25 12:00:00+00:00,23.02416666666667,observado,False,95.125,observado,False,37.4,observado,False
IXIAMAS,2026-02-26 00:00:00+00:00,23.951666666666668,19.89,30.57,24.0,86.625,61.0,99.0,24.0,2.2,2026-02-26 12:00:00+00:00,23.951666666666668,observado,False,86.625,observado,False,2.2,observado,False
IXIAMAS,2026-02-27 00:00:00+00:00,25.49208333333333,21.5,31.13,24.0,85.75,62.0,99.0,24.0,0.0,2026-02-27 12:00:00+00:00,25.49208333333333,observado,False,85.75,observado,False,0.0,observado,False
IXIAMAS,2026-02-28 00:00:00+00:00,24.357083333333335,21.51,28.72,24.0,93.08333333333331,74.0,99.0,24.0,102.2,2026-02-28 12:00:00+00:00,24.357083333333335,observado,False,93.08333333333331,observado,False,102.2,observado,False
IXIAMAS,2026-03-01 00:00:00+00:00,22.784583333333337,20.45,23.93,24.0,97.79166666666669,89.0,99.0,24.0,21.5,2026-03-01 12:00:00+00:00,22.784583333333337,observado,False,97.79166666666669,observado,False,21.5,observado,False
IXIAMAS,2026-03-02 00:00:00+00:00,25.09583333333333,21.25,31.32,24.0,87.29166666666667,63.0,99.0,24.0,39.400000000000006,2026-03-02 12:00:00+00:00,25.09583333333333,observado,False,87.29166666666667,observado,False,39.400000000000006,observado,False
IXIAMAS,2026-03-03 00:00:00+00:00,25.40375,23.09,29.35,24.0,88.0,65.0,99.0,24.0,0.0,2026-03-03 12:00:00+00:00,25.40375,observado,False,88.0,observado,False,0.0,observado,False
IXIAMAS,2026-03-04 00:00:00+00:00,24.579166666666666,22.47,29.12,24.0,93.95833333333331,74.0,99.0,24.0,0.0,2026-03-04 12:00:00+00:00,24.579166666666666,observado,False,93.95833333333331,observado,False,0.0,observado,False
IXIAMAS,2026-03-05 00:00:00+00:00,25.325416666666666,21.53,31.68,24.0,87.45833333333333,58.0,99.0,24.0,33.5,2026-03-05 12:00:00+00:00,25.325416666666666,observado,False,87.45833333333333,observado,False,33.5,observado,False
IXIAMAS,2026-03-06 00:00:00+00:00,25.118333333333336,22.44,30.2,24.0,89.91666666666667,61.0,99.0,24.0,9.5,2026-03-06 12:00:00+00:00,25.118333333333336,observado,False,89.91666666666667,observado,False,9.5,observado,False
IXIAMAS,2026-03-07 00:00:00+00:00,23.910416666666663,21.91,27.47,24.0,95.54166666666669,83.0,99.0,24.0,0.0,2026-03-07 12:00:00+00:00,23.910416666666663,observado,False,95.54166666666669,observado,False,0.0,observado,False
IXIAMAS,2026-03-08 00:00:00+00:00,22.43285714285714,22.3,22.53,7.0,99.0,99.0,99.0,7.0,19.9,2026-03-08 06:00:00+00:00,22.43285714285714,observado,False,99.0,observado,False,19.9,observado,False
IXIAMAS,2026-03-09 00:00:00+00:00,25.843636363636367,22.71,28.1,11.0,85.81818181818181,75.0,99.0,11.0,0.0,2026-03-09 13:00:00+00:00,25.843636363636367,observado,False,85.81818181818181,observado,False,0.0,observado,False
IXIAMAS,2026-03-10 00:00:00+00:00,23.87555555555555,21.46,30.8,18.0,92.22222222222224,68.0,99.0,18.0,10.7,2026-03-10 12:00:00+00:00,23.87555555555555,observado,False,92.22222222222224,observado,False,10.7,observado,False
IXIAMAS,2026-03-11 00:00:00+00:00,25.772777777777776,,,,85.61111111111111,,,,5.6499999999999995,,,interpolacion_lineal,True,,interpolacion_lineal,True,,interpolacion_lineal,True
IXIAMAS,2026-03-12 00:00:00+00:00,27.67,24.64,29.77,5.0,79.0,71.0,92.0,5.0,0.6000000000000001,2026-03-12 19:00:00+00:00,27.67,observado,False,79.0,observado,False,0.6000000000000001,observado,False
IXIAMAS,2026-03-13 00:00:00+00:00,22.63208333333333,21.73,24.69,24.0,98.0,91.0,99.0,24.0,0.5,2026-03-13 12:00:00+00:00,22.63208333333333,observado,False,98.0,observado,False,0.5,observado,False
IXIAMAS,2026-03-14 00:00:00+00:00,24.456666666666667,21.08,29.78,24.0,88.375,63.0,99.0,24.0,0.0,2026-03-14 12:00:00+00:00,24.456666666666667,observado,False,88.375,observado,False,0.0,observado,False
IXIAMAS,2026-03-15 00:00:00+00:00,25.046666666666667,22.21,30.67,24.0,90.20833333333331,66.0,99.0,24.0,1.0,2026-03-15 12:00:00+00:00,25.046666666666667,observado,False,90.20833333333331,observado,False,1.0,observado,False
IXIAMAS,2026-03-16 00:00:00+00:00,24.688333333333333,22.02,28.39,24.0,90.20833333333331,75.0,99.0,24.0,2.4000000000000004,2026-03-16 12:00:00+00:00,24.688333333333333,observado,False,90.20833333333331,observado,False,2.4000000000000004,observado,False
IXIAMAS,2026-03-17 00:00:00+00:00,25.755416666666665,22.92,30.32,24.0,88.54166666666667,67.0,99.0,24.0,1.3,2026-03-17 12:00:00+00:00,25.755416666666665,observado,False,88.54166666666667,observado,False,1.3,observado,False
IXIAMAS,2026-03-18 00:00:00+00:00,24.594583333333333,22.21,26.99,24.0,94.875,84.0,99.0,24.0,0.2,2026-03-18 12:00:00+00:00,24.594583333333333,observado,False,94.875,observado,False,0.2,observado,False
IXIAMAS,2026-03-19 00:00:00+00:00,24.35291666666667,20.82,30.51,24.0,90.04166666666667,69.0,99.0,24.0,0.0,2026-03-19 12:00:00+00:00,24.35291666666667,observado,False,90.04166666666667,observado,False,0.0,observado,False
IXIAMAS,2026-03-20 00:00:00+00:00,26.02416666666667,22.53,31.23,24.0,86.54166666666667,63.0,99.0,24.0,0.0,2026-03-20 12:00:00+00:00,26.02416666666667,observado,False,86.54166666666667,observado,False,0.0,observado,False
IXIAMAS,2026-03-21 00:00:00+00:00,25.785416666666663,23.33,30.78,24.0,88.625,62.0,99.0,24.0,0.0,2026-03-21 12:00:00+00:00,25.785416666666663,observado,False,88.625,observado,False,0.0,observado,False
IXIAMAS,2026-03-22 00:00:00+00:00,24.25916666666667,21.13,28.21,24.0,90.66666666666669,74.0,99.0,24.0,6.2,2026-03-22 12:00:00+00:00,24.25916666666667,observado,False,90.66666666666669,observado,False,6.2,observado,False
IXIAMAS,2026-03-23 00:00:00+00:00,25.52625,21.79,31.33,24.0,87.08333333333333,64.0,99.0,24.0,0.0,2026-03-23 12:00:00+00:00,25.52625,observado,False,87.08333333333333,observado,False,0.0,observado,False
IXIAMAS,2026-03-24 00:00:00+00:00,24.89375,22.28,30.14,24.0,92.75,71.0,99.0,24.0,2.0,2026-03-24 12:00:00+00:00,24.89375,observado,False,92.75,observado,False,2.0,observado,False
IXIAMAS,2026-03-25 00:00:00+00:00,22.250833333333333,20.73,23.88,24.0,97.875,92.0,99.0,24.0,10.5,2026-03-25 12:00:00+00:00,22.250833333333333,observado,False,97.875,observado,False,10.5,observado,False
IXIAMAS,2026-03-26 00:00:00+00:00,23.114583333333332,20.44,29.39,24.0,94.70833333333331,74.0,99.0,24.0,41.8,2026-03-26 12:00:00+00:00,23.114583333333332,observado,False,94.70833333333331,observado,False,41.8,observado,False
IXIAMAS,2026-03-27 00:00:00+00:00,24.32375,21.56,30.49,24.0,92.83333333333331,66.0,99.0,24.0,1.8,2026-03-27 12:00:00+00:00,24.32375,observado,False,92.83333333333331,observado,False,1.8,observado,False
IXIAMAS,2026-03-28 00:00:00+00:00,23.45625,21.7,27.4,24.0,96.75,82.0,99.0,24.0,1.3,2026-03-28 12:00:00+00:00,23.45625,observado,False,96.75,observado,False,1.3,observado,False
IXIAMAS,2026-03-29 00:00:00+00:00,21.37769230769231,20.96,21.92,13.0,99.0,99.0,99.0,13.0,20.8,2026-03-29 12:00:00+00:00,21.37769230769231,observado,False,99.0,observado,False,20.8,observado,False
IXIAMAS,2026-03-30 00:00:00+00:00,27.94454545454545,23.0,30.41,11.0,74.54545454545455,62.0,96.0,11.0,1.0,2026-03-30 13:00:00+00:00,27.94454545454545,observado,False,74.54545454545455,observado,False,1.0,observado,False
IXIAMAS,2026-03-31 00:00:00+00:00,25.5125,20.08,32.16,24.0,82.375,53.0,99.0,24.0,0.0,2026-03-31 12:00:00+00:00,25.5125,observado,False,82.375,observado,False,0.0,observado,False
IXIAMAS,2026-04-01 00:00:00+00:00,25.574166666666667,19.7,33.22,24.0,82.08333333333333,52.0,99.0,24.0,0.0,2026-04-01 12:00:00+00:00,25.574166666666667,observado,False,82.08333333333333,observado,False,0.0,observado,False
IXIAMAS,2026-04-02 00:00:00+00:00,25.19333333333333,22.19,30.55,24.0,89.5,62.0,99.0,24.0,0.0,2026-04-02 12:00:00+00:00,25.19333333333333,observado,False,89.5,observado,False,0.0,observado,False
IXIAMAS,2026-04-03 00:00:00+00:00,25.90833333333333,20.12,33.67,24.0,80.20833333333333,49.0,99.0,24.0,0.0,2026-04-03 12:00:00+00:00,25.90833333333333,observado,False,80.20833333333333,observado,False,0.0,observado,False
IXIAMAS,2026-04-04 00:00:00+00:00,22.8225,20.79,28.45,12.0,96.41666666666669,75.0,99.0,12.0,0.0,2026-04-04 12:00:00+00:00,22.8225,observado,False,96.41666666666669,observado,False,0.0,observado,False
PALOS BLANCOS,2026-01-14 00:00:00+00:00,,,,,,,,,,,,faltante,False,,faltante,False,,faltante,False
PALOS BLANCOS,2026-01-15 00:00:00+00:00,29.5,23.55,38.1,15.0,80.13333333333334,51.0,100.0,15.0,13.6,2026-01-15 12:00:00+00:00,29.5,observado,False,80.13333333333334,observado,False,13.6,observado,False
PALOS BLANCOS,2026-01-16 00:00:00+00:00,27.06722222222222,22.53,34.37,18.0,90.38888888888889,60.0,100.0,18.0,1.0,2026-01-16 12:00:00+00:00,27.06722222222222,observado,False,90.38888888888889,observado,False,1.0,observado,False
PALOS BLANCOS,2026-01-17 00:00:00+00:00,26.274210526315787,22.3,34.89,19.0,90.42105263157896,59.0,100.0,19.0,22.6,2026-01-17 12:00:00+00:00,26.274210526315787,observado,False,90.42105263157896,observado,False,22.6,observado,False
PALOS BLANCOS,2026-01-18 00:00:00+00:00,27.366315789473685,22.41,35.83,19.0,86.78947368421052,58.0,100.0,19.0,0.0,2026-01-18 12:00:00+00:00,27.366315789473685,observado,False,86.78947368421052,observado,False,0.0,observado,False
PALOS BLANCOS,2026-01-19 00:00:00+00:00,26.416842105263157,22.74,31.73,19.0,91.78947368421052,66.0,100.0,19.0,0.1,2026-01-19 12:00:00+00:00,26.416842105263157,observado,False,91.78947368421052,observado,False,0.1,observado,False
PALOS BLANCOS,2026-01-20 00:00:00+00:00,24.604090909090907,22.64,31.22,22.0,95.0,66.0,100.0,22.0,0.9,2026-01-20 12:00:00+00:00,24.604090909090907,observado,False,95.0,observado,False,0.9,observado,False
PALOS BLANCOS,2026-01-21 00:00:00+00:00,26.984,22.64,35.1,20.0,86.35,53.0,100.0,20.0,22.8,2026-01-21 10:00:00+00:00,26.984,observado,False,86.35,observado,False,22.8,observado,False
PALOS BLANCOS,2026-01-22 00:00:00+00:00,26.645909090909093,20.52,38.36,22.0,85.54545454545455,44.0,100.0,22.0,0.0,2026-01-22 12:00:00+00:00,26.645909090909093,observado,False,85.54545454545455,observado,False,0.0,observado,False
PALOS BLANCOS,2026-01-23 00:00:00+00:00,25.802083333333332,20.72,32.94,24.0,90.0,66.0,100.0,24.0,0.0,2026-01-23 12:00:00+00:00,25.802083333333332,observado,False,90.0,observado,False,0.0,observado,False
PALOS BLANCOS,2026-01-24 00:00:00+00:00,27.062083333333337,20.7,39.15,24.0,83.66666666666667,42.0,100.0,24.0,0.0,2026-01-24 12:00:00+00:00,27.062083333333337,observado,False,83.66666666666667,observado,False,0.0,observado,False
PALOS BLANCOS,2026-01-25 00:00:00+00:00,25.635,22.76,34.06,24.0,93.66666666666669,60.0,100.0,24.0,14.1,2026-01-25 12:00:00+00:00,25.635,observado,False,93.66666666666669,observado,False,14.1,observado,False
PALOS BLANCOS,2026-01-26 00:00:00+00:00,26.690416666666664,22.27,35.19,24.0,88.66666666666667,60.0,100.0,24.0,0.3,2026-01-26 12:00:00+00:00,26.690416666666664,observado,False,88.66666666666667,observado,False,0.3,observado,False
PALOS BLANCOS,2026-01-27 00:00:00+00:00,25.322083333333335,22.76,33.79,24.0,95.79166666666669,67.0,100.0,24.0,0.0,2026-01-27 12:00:00+00:00,25.322083333333335,observado,False,95.79166666666669,observado,False,0.0,observado,False
PALOS BLANCOS,2026-01-28 00:00:00+00:00,25.24791666666667,22.27,33.86,24.0,92.54166666666669,59.0,100.0,24.0,24.1,2026-01-28 12:00:00+00:00,25.24791666666667,observado,False,92.54166666666669,observado,False,24.1,observado,False
PALOS BLANCOS,2026-01-29 00:00:00+00:00,25.906666666666663,22.12,32.47,24.0,90.33333333333331,64.0,100.0,24.0,0.4,2026-01-29 12:00:00+00:00,25.906666666666663,observado,False,90.33333333333331,observado,False,0.4,observado,False
PALOS BLANCOS,2026-01-30 00:00:00+00:00,27.207916666666662,22.16,36.32,24.0,85.91666666666667,46.0,100.0,24.0,0.0,2026-01-30 12:00:00+00:00,27.207916666666662,observado,False,85.91666666666667,observado,False,0.0,observado,False
PALOS BLANCOS,2026-01-31 00:00:00+00:00,26.98875,22.46,35.12,24.0,90.20833333333331,60.0,100.0,24.0,0.0,2026-01-31 12:00:00+00:00,26.98875,observado,False,90.20833333333331,observado,False,0.0,observado,False
PALOS BLANCOS,2026-02-01 00:00:00+00:00,26.281666666666663,23.16,35.11,24.0,94.20833333333331,64.0,100.0,24.0,18.5,2026-02-01 12:00:00+00:00,26.281666666666663,observado,False,94.20833333333331,observado,False,18.5,observado,False
PALOS BLANCOS,2026-02-02 00:00:00+00:00,26.766666666666666,22.39,33.69,24.0,88.83333333333333,59.0,100.0,24.0,3.0,2026-02-02 12:00:00+00:00,26.766666666666666,observado,False,88.83333333333333,observado,False,3.0,observado,False
PALOS BLANCOS,2026-02-03 00:00:00+00:00,27.441304347826087,23.61,33.84,23.0,90.04347826086956,65.0,100.0,23.0,0.6000000000000001,2026-02-03 11:00:00+00:00,27.441304347826087,observado,False,90.04347826086956,observado,False,0.6000000000000001,observado,False
PALOS BLANCOS,2026-02-04 00:00:00+00:00,26.42391304347826,23.29,32.54,23.0,92.0,69.0,100.0,23.0,0.4,2026-02-04 12:00:00+00:00,26.42391304347826,observado,False,92.0,observado,False,0.4,observado,False
PALOS BLANCOS,2026-02-05 00:00:00+00:00,26.92833333333333,22.16,36.42,24.0,88.45833333333333,59.0,100.0,24.0,0.0,2026-02-05 12:00:00+00:00,26.92833333333333,observado,False,88.45833333333333,observado,False,0.0,observado,False
PALOS BLANCOS,2026-02-06 00:00:00+00:00,27.302608695652175,22.1,37.28,23.0,88.69565217391305,55.0,100.0,23.0,0.0,2026-02-06 12:00:00+00:00,27.302608695652175,observado,False,88.69565217391305,observado,False,0.0,observado,False
PALOS BLANCOS,2026-02-07 00:00:00+00:00,26.48875,22.84,33.21,24.0,92.83333333333331,70.0,100.0,24.0,10.8,2026-02-07 12:00:00+00:00,26.48875,observado,False,92.83333333333331,observado,False,10.8,observado,False
PALOS BLANCOS,2026-02-08 00:00:00+00:00,26.69,20.77,36.74,24.0,86.375,51.0,100.0,24.0,1.3,2026-02-08 12:00:00+00:00,26.69,observado,False,86.375,observado,False,1.3,observado,False
PALOS BLANCOS,2026-02-09 00:00:00+00:00,27.2175,21.77,37.4,24.0,86.66666666666667,46.0,100.0,24.0,0.0,2026-02-09 12:00:00+00:00,27.2175,observado,False,86.66666666666667,observado,False,0.0,observado,False
PALOS BLANCOS,2026-02-10 00:00:00+00:00,28.12708333333333,23.51,36.87,24.0,87.45833333333333,51.0,100.0,24.0,0.0,2026-02-10 12:00:00+00:00,28.12708333333333,observado,False,87.45833333333333,observado,False,0.0,observado,False
PALOS BLANCOS,2026-02-11 00:00:00+00:00,28.075,23.01,38.32,24.0,85.0,51.0,100.0,24.0,0.3,2026-02-11 12:00:00+00:00,28.075,observado,False,85.0,observado,False,0.3,observado,False
PALOS BLANCOS,2026-02-12 00:00:00+00:00,26.29375,21.42,33.49,24.0,90.5,60.0,100.0,24.0,23.5,2026-02-12 12:00:00+00:00,26.29375,observado,False,90.5,observado,False,23.5,observado,False
PALOS BLANCOS,2026-02-13 00:00:00+00:00,23.69541666666667,21.55,27.68,24.0,98.375,83.0,100.0,24.0,0.0,2026-02-13 12:00:00+00:00,23.69541666666667,observado,False,98.375,observado,False,0.0,observado,False
PALOS BLANCOS,2026-02-14 00:00:00+00:00,24.787916666666664,20.92,32.08,24.0,92.29166666666669,64.0,100.0,24.0,5.2,2026-02-14 12:00:00+00:00,24.787916666666664,observado,False,92.29166666666669,observado,False,5.2,observado,False
PALOS BLANCOS,2026-02-15 00:00:00+00:00,24.414583333333336,20.46,33.98,24.0,91.04166666666669,53.0,100.0,24.0,2.2,2026-02-15 12:00:00+00:00,24.414583333333336,observado,False,91.04166666666669,observado,False,2.2,observado,False
PALOS BLANCOS,2026-02-16 00:00:00+00:00,25.018333333333334,21.84,31.66,24.0,93.20833333333331,68.0,100.0,24.0,1.7000000000000002,2026-02-16 12:00:00+00:00,25.018333333333334,observado,False,93.20833333333331,observado,False,1.7000000000000002,observado,False
PALOS BLANCOS,2026-02-17 00:00:00+00:00,26.784166666666664,21.84,36.98,24.0,86.54166666666667,43.0,100.0,24.0,8.200000000000001,2026-02-17 12:00:00+00:00,26.784166666666664,observado,False,86.54166666666667,observado,False,8.200000000000001,observado,False
PALOS BLANCOS,2026-02-18 00:00:00+00:00,27.1775,22.28,35.85,24.0,87.0,59.0,100.0,24.0,0.0,2026-02-18 12:00:00+00:00,27.1775,observado,False,87.0,observado,False,0.0,observado,False
PALOS BLANCOS,2026-02-19 00:00:00+00:00,26.5425,20.54,36.53,24.0,87.625,51.0,100.0,24.0,0.0,2026-02-19 12:00:00+00:00,26.5425,observado,False,87.625,observado,False,0.0,observado,False
PALOS BLANCOS,2026-02-20 00:00:00+00:00,25.25708333333333,22.61,29.8,24.0,92.75,71.0,100.0,24.0,5.0,2026-02-20 12:00:00+00:00,25.25708333333333,observado,False,92.75,observado,False,5.0,observado,False
PALOS BLANCOS,2026-02-21 00:00:00+00:00,25.488333333333333,21.22,33.84,24.0,91.79166666666669,59.0,100.0,24.0,12.2,2026-02-21 12:00:00+00:00,25.488333333333333,observado,False,91.79166666666669,observado,False,12.2,observado,False
PALOS BLANCOS,2026-02-22 00:00:00+00:00,25.70958333333333,21.67,33.81,24.0,93.91666666666669,68.0,100.0,24.0,0.0,2026-02-22 12:00:00+00:00,25.70958333333333,observado,False,93.91666666666669,observado,False,0.0,observado,False
PALOS BLANCOS,2026-02-23 00:00:00+00:00,26.262083333333333,22.26,33.98,24.0,90.0,62.0,100.0,24.0,0.5,2026-02-23 12:00:00+00:00,26.262083333333333,observado,False,90.0,observado,False,0.5,observado,False
PALOS BLANCOS,2026-02-24 00:00:00+00:00,25.359166666666667,22.67,30.41,24.0,94.95833333333331,74.0,100.0,24.0,0.2,2026-02-24 12:00:00+00:00,25.359166666666667,observado,False,94.95833333333331,observado,False,0.2,observado,False
PALOS BLANCOS,2026-02-25 00:00:00+00:00,23.032083333333333,21.25,24.41,24.0,100.0,100.0,100.0,24.0,4.7,2026-02-25 12:00:00+00:00,23.032083333333333,observado,False,100.0,observado,False,4.7,observado,False
PALOS BLANCOS,2026-02-26 00:00:00+00:00,23.772499999999997,19.45,33.33,24.0,91.70833333333331,61.0,100.0,24.0,81.9,2026-02-26 12:00:00+00:00,23.772499999999997,observado,False,91.70833333333331,observado,False,81.9,observado,False
PALOS BLANCOS,2026-02-27 00:00:00+00:00,21.38125,20.49,23.03,8.0,100.0,100.0,100.0,9.0,0.0,2026-02-27 08:00:00+00:00,21.38125,observado,False,100.0,observado,False,0.0,observado,False
PALOS BLANCOS,2026-02-28 00:00:00+00:00,22.572875,,,,97.8,,,,0.0,,,interpolacion_lineal,True,,interpolacion_lineal,True,,interpolacion_lineal,True
PALOS BLANCOS,2026-03-01 00:00:00+00:00,23.7645,,,,95.6,,,,0.0,,,interpolacion_lineal,True,,interpolacion_lineal,True,,interpolacion_lineal,True
PALOS BLANCOS,2026-03-02 00:00:00+00:00,26.214583333333337,,,,92.41666666666669,,,,0.0,,,mediana_municipio_vecino(SAN BUENAVENTURA),True,,mediana_municipio_vecino(SAN BUENAVENTURA),True,,mediana_municipio_vecino(SAN BUENAVENTURA),True
PALOS BLANCOS,2026-03-03 00:00:00+00:00,27.2975,,,,91.25,,,,0.0,,,mediana_municipio_vecino(SAN BUENAVENTURA),True,,mediana_municipio_vecino(SAN BUENAVENTURA),True,,mediana_municipio_vecino(SAN BUENAVENTURA),True
PALOS BLANCOS,2026-03-04 00:00:00+00:00,24.565454545454543,,,,100.0,,,,0.0,,,mediana_municipio_vecino(SAN BUENAVENTURA),True,,mediana_municipio_vecino(SAN BUENAVENTURA),True,,mediana_municipio_vecino(SAN BUENAVENTURA),True
PALOS BLANCOS,2026-03-05 00:00:00+00:00,28.531,26.19,33.05,10.0,86.8,68.0,95.0,10.0,0.0,2026-03-05 14:00:00+00:00,28.531,observado,False,86.8,observado,False,0.0,observado,False
PALOS BLANCOS,2026-03-06 00:00:00+00:00,25.8575,22.01,31.79,24.0,91.75,64.0,100.0,24.0,0.1,2026-03-06 12:00:00+00:00,25.8575,observado,False,91.75,observado,False,0.1,observado,False
PALOS BLANCOS,2026-03-07 00:00:00+00:00,26.184583333333332,22.91,33.54,24.0,92.20833333333331,64.0,100.0,24.0,0.2,2026-03-07 12:00:00+00:00,26.184583333333332,observado,False,92.20833333333331,observado,False,0.2,observado,False
PALOS BLANCOS,2026-03-08 00:00:00+00:00,22.467142857142857,21.41,24.22,7.0,100.0,100.0,100.0,7.0,0.0,2026-03-08 06:00:00+00:00,22.467142857142857,observado,False,100.0,observado,False,0.0,observado,False
PALOS BLANCOS,2026-03-09 00:00:00+00:00,25.34090909090909,23.74,27.21,11.0,99.0,96.0,100.0,11.0,21.6,2026-03-09 13:00:00+00:00,25.34090909090909,observado,False,99.0,observado,False,21.6,observado,False
PALOS BLANCOS,2026-03-10 00:00:00+00:00,23.805,23.56,24.05,2.0,100.0,100.0,100.0,2.0,32.300000000000004,2026-03-10 01:00:00+00:00,23.805,observado,False,100.0,observado,False,32.300000000000004,observado,False
PALOS BLANCOS,2026-03-11 00:00:00+00:00,24.453666666666667,,,,98.1,,,,28.711111111111116,,,interpolacion_lineal,True,,interpolacion_lineal,True,,interpolacion_lineal,True
PALOS BLANCOS,2026-03-12 00:00:00+00:00,25.102333333333334,,,,96.2,,,,25.122222222222227,,,interpolacion_lineal,True,,interpolacion_lineal,True,,interpolacion_lineal,True
PALOS BLANCOS,2026-03-13 00:00:00+00:00,24.328,,,,100.0,,,,0.0,,,mediana_municipio_vecino(SAN BUENAVENTURA),True,,mediana_municipio_vecino(SAN BUENAVENTURA),True,,mediana_municipio_vecino(SAN BUENAVENTURA),True
PALOS BLANCOS,2026-03-14 00:00:00+00:00,26.907,,,,92.2,,,,0.0,,,mediana_municipio_vecino(SAN BUENAVENTURA),True,,mediana_municipio_vecino(SAN BUENAVENTURA),True,,mediana_municipio_vecino(SAN BUENAVENTURA),True
PALOS BLANCOS,2026-03-15 00:00:00+00:00,29.486,,,,84.4,,,,0.0,,,mediana_municipio_vecino(SAN BUENAVENTURA),True,,mediana_municipio_vecino(SAN BUENAVENTURA),True,,mediana_municipio_vecino(SAN BUENAVENTURA),True
PALOS BLANCOS,2026-03-16 00:00:00+00:00,26.435,,,,91.45833333333331,,,,0.0,,,mediana_municipio_vecino(SAN BUENAVENTURA),True,,mediana_municipio_vecino(SAN BUENAVENTURA),True,,mediana_municipio_vecino(SAN BUENAVENTURA),True
PALOS BLANCOS,2026-03-17 00:00:00+00:00,27.324583333333333,,,,90.16666666666669,,,,0.0,,,mediana_municipio_vecino(SAN BUENAVENTURA),True,,mediana_municipio_vecino(SAN BUENAVENTURA),True,,mediana_municipio_vecino(SAN BUENAVENTURA),True
PALOS BLANCOS,2026-03-18 00:00:00+00:00,25.41181818181818,,,,98.8181818181818,,,,0.0,,,mediana_municipio_vecino(SAN BUENAVENTURA),True,,mediana_municipio_vecino(SAN BUENAVENTURA),True,,mediana_municipio_vecino(SAN BUENAVENTURA),True
PALOS BLANCOS,2026-03-19 00:00:00+00:00,29.643,25.12,33.13,10.0,82.9,68.0,100.0,10.0,0.0,2026-03-19 14:00:00+00:00,29.643,observado,False,82.9,observado,False,0.0,observado,False
PALOS BLANCOS,2026-03-20 00:00:00+00:00,26.2875,22.12,34.63,24.0,92.5,68.0,100.0,24.0,0.0,2026-03-20 12:00:00+00:00,26.2875,observado,False,92.5,observado,False,0.0,observado,False
PALOS BLANCOS,2026-03-21 00:00:00+00:00,26.773750000000003,23.42,33.73,24.0,94.04166666666669,70.0,100.0,24.0,0.0,2026-03-21 12:00:00+00:00,26.773750000000003,observado,False,94.04166666666669,observado,False,0.0,observado,False
PALOS BLANCOS,2026-03-22 00:00:00+00:00,26.513333333333335,23.91,32.27,24.0,94.125,74.0,100.0,24.0,3.9,2026-03-22 12:00:00+00:00,26.513333333333335,observado,False,94.125,observado,False,3.9,observado,False
PALOS BLANCOS,2026-03-23 00:00:00+00:00,23.645,23.54,23.93,4.0,100.0,100.0,100.0,4.0,0.6000000000000001,2026-03-23 03:00:00+00:00,23.645,observado,False,100.0,observado,False,0.6000000000000001,observado,False
PALOS BLANCOS,2026-03-24 00:00:00+00:00,24.465918367346937,,,,97.38775510204081,,,,0.5142857142857143,,,interpolacion_lineal,True,,interpolacion_lineal,True,,interpolacion_lineal,True
PALOS BLANCOS,2026-03-25 00:00:00+00:00,25.28683673469388,,,,94.77551020408163,,,,0.4285714285714286,,,interpolacion_lineal,True,,interpolacion_lineal,True,,interpolacion_lineal,True
PALOS BLANCOS,2026-03-26 00:00:00+00:00,26.020999999999997,,,,91.2,,,,0.0,,,mediana_municipio_vecino(SAN BUENAVENTURA),True,,mediana_municipio_vecino(SAN BUENAVENTURA),True,,mediana_municipio_vecino(SAN BUENAVENTURA),True
PALOS BLANCOS,2026-03-27 00:00:00+00:00,24.965833333333332,,,,95.08333333333331,,,,0.0,,,mediana_municipio_vecino(SAN BUENAVENTURA),True,,mediana_municipio_vecino(SAN BUENAVENTURA),True,,mediana_municipio_vecino(SAN BUENAVENTURA),True
PALOS BLANCOS,2026-03-28 00:00:00+00:00,24.18,,,,100.0,,,,0.0,,,mediana_municipio_vecino(SAN BUENAVENTURA),True,,mediana_municipio_vecino(SAN BUENAVENTURA),True,,mediana_municipio_vecino(SAN BUENAVENTURA),True
PALOS BLANCOS,2026-03-29 00:00:00+00:00,26.434285714285714,,,,89.57142857142857,,,,0.0,,,mediana_municipio_vecino(SAN BUENAVENTURA),True,,mediana_municipio_vecino(SAN BUENAVENTURA),True,,mediana_municipio_vecino(SAN BUENAVENTURA),True
PALOS BLANCOS,2026-03-30 00:00:00+00:00,29.391428571428573,25.21,31.53,7.0,81.71428571428571,69.0,97.0,7.0,0.0,2026-03-30 17:00:00+00:00,29.391428571428573,observado,False,81.71428571428571,observado,False,0.0,observado,False
PALOS BLANCOS,2026-03-31 00:00:00+00:00,25.5475,20.53,33.92,24.0,90.125,59.0,100.0,24.0,0.0,2026-03-31 12:00:00+00:00,25.5475,observado,False,90.125,observado,False,0.0,observado,False
PALOS BLANCOS,2026-04-01 00:00:00+00:00,26.143478260869564,21.25,34.78,23.0,89.47826086956522,58.0,100.0,23.0,0.0,2026-04-01 12:00:00+00:00,26.143478260869564,observado,False,89.47826086956522,observado,False,0.0,observado,False
PALOS BLANCOS,2026-04-02 00:00:00+00:00,25.85083333333333,20.94,34.07,24.0,90.375,63.0,100.0,24.0,0.0,2026-04-02 12:00:00+00:00,25.85083333333333,observado,False,90.375,observado,False,0.0,observado,False
PALOS BLANCOS,2026-04-03 00:00:00+00:00,22.86888888888889,22.14,24.58,9.0,100.0,100.0,100.0,9.0,0.0,2026-04-03 08:00:00+00:00,22.86888888888889,observado,False,100.0,observado,False,0.0,observado,False
PALOS BLANCOS,2026-04-04 00:00:00+00:00,24.99642857142857,,,,94.78571428571428,,,,0.0,,,mediana_municipio_vecino(SAN BUENAVENTURA),True,,mediana_municipio_vecino(SAN BUENAVENTURA),True,,mediana_municipio_vecino(SAN BUENAVENTURA),True
SAN BUENAVENTURA,2026-01-14 00:00:00+00:00,26.62,,,,86.0,,,,22.700000000000003,,,mediana_municipio_vecino(IXIAMAS),True,,mediana_municipio_vecino(IXIAMAS),True,,mediana_municipio_vecino(IXIAMAS),True
SAN BUENAVENTURA,2026-01-15 00:00:00+00:00,27.423333333333336,,,,76.6,,,,0.3,,,mediana_municipio_vecino(IXIAMAS),True,,mediana_municipio_vecino(IXIAMAS),True,,mediana_municipio_vecino(IXIAMAS),True
SAN BUENAVENTURA,2026-01-16 00:00:00+00:00,29.127142857142857,24.66,32.98,14.0,82.35714285714286,65.0,100.0,14.0,0.0,2026-01-16 12:00:00+00:00,29.127142857142857,observado,False,82.35714285714286,observado,False,0.0,observado,False
SAN BUENAVENTURA,2026-01-17 00:00:00+00:00,26.883157894736843,23.58,31.5,19.0,90.89473684210526,70.0,100.0,19.0,0.0,2026-01-17 12:00:00+00:00,26.883157894736843,observado,False,90.89473684210526,observado,False,0.0,observado,False
SAN BUENAVENTURA,2026-01-18 00:00:00+00:00,27.19736842105263,23.41,32.31,19.0,90.84210526315788,75.0,100.0,19.0,0.0,2026-01-18 12:00:00+00:00,27.19736842105263,observado,False,90.84210526315788,observado,False,0.0,observado,False
SAN BUENAVENTURA,2026-01-19 00:00:00+00:00,25.943684210526317,23.04,32.14,19.0,95.0,68.0,100.0,19.0,0.0,2026-01-19 12:00:00+00:00,25.943684210526317,observado,False,95.0,observado,False,0.0,observado,False
SAN BUENAVENTURA,2026-01-20 00:00:00+00:00,23.863333333333333,23.84,23.91,3.0,100.0,100.0,100.0,3.0,0.0,2026-01-20 02:00:00+00:00,23.863333333333333,observado,False,100.0,observado,False,0.0,observado,False
SAN BUENAVENTURA,2026-01-21 00:00:00+00:00,26.11522727272727,,,,91.79545454545455,,,,0.0,,,interpolacion_lineal,True,,interpolacion_lineal,True,,interpolacion_lineal,True
SAN BUENAVENTURA,2026-01-22 00:00:00+00:00,28.367121212121212,,,,83.5909090909091,,,,0.0,,,interpolacion_lineal,True,,interpolacion_lineal,True,,interpolacion_lineal,True
SAN BUENAVENTURA,2026-01-23 00:00:00+00:00,26.777916666666663,,,,79.625,,,,0.0,,,mediana_municipio_vecino(IXIAMAS),True,,mediana_municipio_vecino(IXIAMAS),True,,mediana_municipio_vecino(IXIAMAS),True
SAN BUENAVENTURA,2026-01-24 00:00:00+00:00,32.87090909090909,27.56,37.15,11.0,67.18181818181819,56.0,90.0,11.0,0.0,2026-01-24 13:00:00+00:00,32.87090909090909,observado,False,67.18181818181819,observado,False,0.0,observado,False
SAN BUENAVENTURA,2026-01-25 00:00:00+00:00,26.12708333333333,23.4,33.77,24.0,93.58333333333331,68.0,100.0,24.0,0.0,2026-01-25 12:00:00+00:00,26.12708333333333,observado,False,93.58333333333331,observado,False,0.0,observado,False
SAN BUENAVENTURA,2026-01-26 00:00:00+00:00,26.950833333333335,22.96,33.42,24.0,89.45833333333333,64.0,100.0,24.0,0.0,2026-01-26 12:00:00+00:00,26.950833333333335,observado,False,89.45833333333333,observado,False,0.0,observado,False
SAN BUENAVENTURA,2026-01-27 00:00:00+00:00,24.802307692307693,23.33,25.69,13.0,100.0,100.0,100.0,13.0,0.0,2026-01-27 12:00:00+00:00,24.802307692307693,observado,False,100.0,observado,False,0.0,observado,False
SAN BUENAVENTURA,2026-01-28 00:00:00+00:00,25.836755244755246,,,,95.87272727272727,,,,0.0,,,interpolacion_lineal,True,,interpolacion_lineal,True,,interpolacion_lineal,True
SAN BUENAVENTURA,2026-01-29 00:00:00+00:00,26.8712027972028,,,,91.74545454545455,,,,0.0,,,interpolacion_lineal,True,,interpolacion_lineal,True,,interpolacion_lineal,True
SAN BUENAVENTURA,2026-01-30 00:00:00+00:00,24.296521739130437,,,,93.34782608695652,,,,2.7,,,mediana_municipio_vecino(IXIAMAS),True,,mediana_municipio_vecino(IXIAMAS),True,,mediana_municipio_vecino(IXIAMAS),True
SAN BUENAVENTURA,2026-01-31 00:00:00+00:00,25.93166666666667,,,,85.75,,,,0.0,,,mediana_municipio_vecino(IXIAMAS),True,,mediana_municipio_vecino(IXIAMAS),True,,mediana_municipio_vecino(IXIAMAS),True
SAN BUENAVENTURA,2026-02-01 00:00:00+00:00,29.974545454545453,26.91,32.3,11.0,79.36363636363636,66.0,99.0,11.0,0.0,2026-02-01 13:00:00+00:00,29.974545454545453,observado,False,79.36363636363636,observado,False,0.0,observado,False
SAN BUENAVENTURA,2026-02-02 00:00:00+00:00,27.02875,23.12,32.69,24.0,85.875,60.0,100.0,24.0,0.0,2026-02-02 12:00:00+00:00,27.02875,observado,False,85.875,observado,False,0.0,observado,False
SAN BUENAVENTURA,2026-02-03 00:00:00+00:00,27.17958333333333,24.05,32.91,24.0,90.04166666666667,71.0,100.0,24.0,0.0,2026-02-03 12:00:00+00:00,27.17958333333333,observado,False,90.04166666666667,observado,False,0.0,observado,False
SAN BUENAVENTURA,2026-02-04 00:00:00+00:00,26.19458333333333,23.86,30.94,24.0,91.20833333333331,74.0,100.0,24.0,0.0,2026-02-04 12:00:00+00:00,26.19458333333333,observado,False,91.20833333333331,observado,False,0.0,observado,False
SAN BUENAVENTURA,2026-02-05 00:00:00+00:00,26.99173913043478,21.7,32.88,23.0,86.43478260869566,64.0,100.0,23.0,0.0,2026-02-05 12:00:00+00:00,26.99173913043478,observado,False,86.43478260869566,observado,False,0.0,observado,False
SAN BUENAVENTURA,2026-02-06 00:00:00+00:00,27.427083333333332,23.0,35.53,24.0,88.25,60.0,100.0,24.0,0.0,2026-02-06 12:00:00+00:00,27.427083333333332,observado,False,88.25,observado,False,0.0,observado,False
SAN BUENAVENTURA,2026-02-07 00:00:00+00:00,28.187083333333337,24.45,34.29,24.0,91.5,70.0,100.0,24.0,0.0,2026-02-07 12:00:00+00:00,28.187083333333337,observado,False,91.5,observado,False,0.0,observado,False
SAN BUENAVENTURA,2026-02-08 00:00:00+00:00,23.116666666666664,22.33,24.26,3.0,97.0,91.0,100.0,3.0,0.0,2026-02-08 02:00:00+00:00,23.116666666666664,observado,False,97.0,observado,False,0.0,observado,False
SAN BUENAVENTURA,2026-02-09 00:00:00+00:00,24.409090909090907,,,,94.45454545454545,,,,0.0,,,interpolacion_lineal,True,,interpolacion_lineal,True,,interpolacion_lineal,True
SAN BUENAVENTURA,2026-02-10 00:00:00+00:00,25.70151515151515,,,,91.9090909090909,,,,0.0,,,interpolacion_lineal,True,,interpolacion_lineal,True,,interpolacion_lineal,True
SAN BUENAVENTURA,2026-02-11 00:00:00+00:00,26.198333333333338,,,,87.20833333333333,,,,0.0,,,mediana_municipio_vecino(IXIAMAS),True,,mediana_municipio_vecino(IXIAMAS),True,,mediana_municipio_vecino(IXIAMAS),True
SAN BUENAVENTURA,2026-02-12 00:00:00+00:00,28.286363636363635,23.86,31.33,11.0,86.81818181818181,73.0,100.0,11.0,0.0,2026-02-12 13:00:00+00:00,28.286363636363635,observado,False,86.81818181818181,observado,False,0.0,observado,False
SAN BUENAVENTURA,2026-02-13 00:00:00+00:00,26.557916666666667,24.29,31.18,24.0,93.75,74.0,100.0,24.0,0.0,2026-02-13 19:00:00+00:00,26.557916666666667,observado,False,93.75,observado,False,0.0,observado,False
SAN BUENAVENTURA,2026-02-14 00:00:00+00:00,23.781,22.68,25.09,10.0,99.4,96.0,100.0,10.0,0.0,2026-02-14 09:00:00+00:00,23.781,observado,False,99.4,observado,False,0.0,observado,False
SAN BUENAVENTURA,2026-02-15 00:00:00+00:00,25.606199999999998,,,,93.66000000000001,,,,0.0,,,interpolacion_lineal,True,,interpolacion_lineal,True,,interpolacion_lineal,True
SAN BUENAVENTURA,2026-02-16 00:00:00+00:00,27.431399999999996,,,,87.92,,,,0.0,,,interpolacion_lineal,True,,interpolacion_lineal,True,,interpolacion_lineal,True
SAN BUENAVENTURA,2026-02-17 00:00:00+00:00,24.68541666666667,,,,89.5,,,,12.1,,,mediana_municipio_vecino(IXIAMAS),True,,mediana_municipio_vecino(IXIAMAS),True,,mediana_municipio_vecino(IXIAMAS),True
SAN BUENAVENTURA,2026-02-18 00:00:00+00:00,25.714583333333337,,,,85.29166666666667,,,,2.0,,,mediana_municipio_vecino(IXIAMAS),True,,mediana_municipio_vecino(IXIAMAS),True,,mediana_municipio_vecino(IXIAMAS),True
SAN BUENAVENTURA,2026-02-19 00:00:00+00:00,32.907,27.21,35.42,10.0,70.7,58.0,94.0,10.0,0.0,2026-02-19 14:00:00+00:00,32.907,observado,False,70.7,observado,False,0.0,observado,False
SAN BUENAVENTURA,2026-02-20 00:00:00+00:00,26.22125,23.16,33.04,24.0,94.08333333333331,69.0,100.0,24.0,8.5,2026-02-20 12:00:00+00:00,26.22125,observado,False,94.08333333333331,observado,False,8.5,observado,False
SAN BUENAVENTURA,2026-02-21 00:00:00+00:00,27.254166666666663,22.85,34.55,24.0,86.16666666666667,61.0,100.0,24.0,0.0,2026-02-21 12:00:00+00:00,27.254166666666663,observado,False,86.16666666666667,observado,False,0.0,observado,False
SAN BUENAVENTURA,2026-02-22 00:00:00+00:00,25.244545454545456,24.53,26.88,11.0,99.8181818181818,98.0,100.0,11.0,0.0,2026-02-22 10:00:00+00:00,25.244545454545456,observado,False,99.8181818181818,observado,False,0.0,observado,False
SAN BUENAVENTURA,2026-02-23 00:00:00+00:00,26.846272727272726,,,,91.4090909090909,,,,0.0,,,interpolacion_lineal,True,,interpolacion_lineal,True,,interpolacion_lineal,True
SAN BUENAVENTURA,2026-02-24 00:00:00+00:00,28.448,26.06,30.55,5.0,83.0,73.0,95.0,5.0,0.0,2026-02-24 19:00:00+00:00,28.448,observado,False,83.0,observado,False,0.0,observado,False
SAN BUENAVENTURA,2026-02-25 00:00:00+00:00,23.453333333333333,20.86,25.12,24.0,99.95833333333331,99.0,100.0,24.0,0.0,2026-02-25 12:00:00+00:00,23.453333333333333,observado,False,99.95833333333331,observado,False,0.0,observado,False
SAN BUENAVENTURA,2026-02-26 00:00:00+00:00,21.69,21.06,22.08,4.0,100.0,100.0,100.0,4.0,0.0,2026-02-26 03:00:00+00:00,21.69,observado,False,100.0,observado,False,0.0,observado,False
SAN BUENAVENTURA,2026-02-27 00:00:00+00:00,23.538666666666668,,,,97.66666666666667,,,,0.0,,,interpolacion_lineal,True,,interpolacion_lineal,True,,interpolacion_lineal,True
SAN BUENAVENTURA,2026-02-28 00:00:00+00:00,25.387333333333334,,,,95.33333333333333,,,,0.0,,,interpolacion_lineal,True,,interpolacion_lineal,True,,interpolacion_lineal,True
SAN BUENAVENTURA,2026-03-01 00:00:00+00:00,27.236,24.88,28.83,5.0,93.0,87.0,100.0,5.0,0.0,2026-03-01 19:00:00+00:00,27.236,observado,False,93.0,observado,False,0.0,observado,False
SAN BUENAVENTURA,2026-03-02 00:00:00+00:00,26.214583333333337,22.11,32.94,24.0,92.41666666666669,71.0,100.0,24.0,0.0,2026-03-02 12:00:00+00:00,26.214583333333337,observado,False,92.41666666666669,observado,False,0.0,observado,False
SAN BUENAVENTURA,2026-03-03 00:00:00+00:00,27.2975,24.18,32.52,24.0,91.25,66.0,100.0,24.0,0.0,2026-03-03 12:00:00+00:00,27.2975,observado,False,91.25,observado,False,0.0,observado,False
SAN BUENAVENTURA,2026-03-04 00:00:00+00:00,24.565454545454543,24.3,24.95,11.0,100.0,100.0,100.0,11.0,0.0,2026-03-04 10:00:00+00:00,24.565454545454543,observado,False,100.0,observado,False,0.0,observado,False
SAN BUENAVENTURA,2026-03-05 00:00:00+00:00,26.12022727272727,,,,93.0,,,,0.0,,,interpolacion_lineal,True,,interpolacion_lineal,True,,interpolacion_lineal,True
SAN BUENAVENTURA,2026-03-06 00:00:00+00:00,27.675,24.76,29.72,8.0,86.0,76.0,100.0,8.0,0.0,2026-03-06 16:00:00+00:00,27.675,observado,False,86.0,observado,False,0.0,observado,False
SAN BUENAVENTURA,2026-03-07 00:00:00+00:00,26.05875,22.84,30.96,24.0,93.58333333333331,76.0,100.0,24.0,0.0,2026-03-07 12:00:00+00:00,26.05875,observado,False,93.58333333333331,observado,False,0.0,observado,False
SAN BUENAVENTURA,2026-03-08 00:00:00+00:00,23.978571428571428,23.42,24.79,7.0,100.0,100.0,100.0,7.0,0.0,2026-03-08 06:00:00+00:00,23.978571428571428,observado,False,100.0,observado,False,0.0,observado,False
SAN BUENAVENTURA,2026-03-09 00:00:00+00:00,23.76,23.76,23.76,1.0,100.0,100.0,100.0,1.0,0.0,2026-03-09 09:00:00+00:00,23.76,observado,False,100.0,observado,False,0.0,observado,False
SAN BUENAVENTURA,2026-03-10 00:00:00+00:00,25.441333333333333,,,,95.2,,,,0.0,,,interpolacion_lineal,True,,interpolacion_lineal,True,,interpolacion_lineal,True
SAN BUENAVENTURA,2026-03-11 00:00:00+00:00,27.122666666666667,,,,90.39999999999999,,,,0.0,,,interpolacion_lineal,True,,interpolacion_lineal,True,,interpolacion_lineal,True
SAN BUENAVENTURA,2026-03-12 00:00:00+00:00,28.804,25.16,30.62,5.0,85.6,74.0,100.0,5.0,0.0,2026-03-12 19:00:00+00:00,28.804,observado,False,85.6,observado,False,0.0,observado,False
SAN BUENAVENTURA,2026-03-13 00:00:00+00:00,24.328,23.93,24.83,10.0,100.0,100.0,100.0,10.0,0.0,2026-03-13 09:00:00+00:00,24.328,observado,False,100.0,observado,False,0.0,observado,False
SAN BUENAVENTURA,2026-03-14 00:00:00+00:00,26.907,,,,92.2,,,,0.0,,,interpolacion_lineal,True,,interpolacion_lineal,True,,interpolacion_lineal,True
SAN BUENAVENTURA,2026-03-15 00:00:00+00:00,29.486,27.07,31.75,5.0,84.4,77.0,95.0,5.0,0.0,2026-03-15 19:00:00+00:00,29.486,observado,False,84.4,observado,False,0.0,observado,False
SAN BUENAVENTURA,2026-03-16 00:00:00+00:00,26.435,23.42,31.17,24.0,91.45833333333331,70.0,100.0,24.0,0.0,2026-03-16 12:00:00+00:00,26.435,observado,False,91.45833333333331,observado,False,0.0,observado,False
SAN BUENAVENTURA,2026-03-17 00:00:00+00:00,27.324583333333333,24.09,32.93,24.0,90.16666666666669,66.0,100.0,24.0,0.0,2026-03-17 12:00:00+00:00,27.324583333333333,observado,False,90.16666666666669,observado,False,0.0,observado,False
SAN BUENAVENTURA,2026-03-18 00:00:00+00:00,25.41181818181818,24.54,27.11,11.0,98.8181818181818,94.0,100.0,11.0,0.0,2026-03-18 10:00:00+00:00,25.41181818181818,observado,False,98.8181818181818,observado,False,0.0,observado,False
SAN BUENAVENTURA,2026-03-19 00:00:00+00:00,27.82990909090909,,,,90.0090909090909,,,,0.0,,,interpolacion_lineal,True,,interpolacion_lineal,True,,interpolacion_lineal,True
SAN BUENAVENTURA,2026-03-20 00:00:00+00:00,30.248,26.27,33.47,5.0,81.2,68.0,99.0,5.0,0.0,2026-03-20 19:00:00+00:00,30.248,observado,False,81.2,observado,False,0.0,observado,False
SAN BUENAVENTURA,2026-03-21 00:00:00+00:00,26.914583333333336,23.84,32.91,24.0,91.41666666666669,68.0,100.0,24.0,0.0,2026-03-21 12:00:00+00:00,26.914583333333336,observado,False,91.41666666666669,observado,False,0.0,observado,False
SAN BUENAVENTURA,2026-03-22 00:00:00+00:00,25.9,22.9,29.97,24.0,93.625,75.0,100.0,24.0,0.0,2026-03-22 12:00:00+00:00,25.9,observado,False,93.625,observado,False,0.0,observado,False
SAN BUENAVENTURA,2026-03-23 00:00:00+00:00,24.451666666666668,24.24,24.63,6.0,100.0,100.0,100.0,6.0,0.0,2026-03-23 05:00:00+00:00,24.451666666666668,observado,False,100.0,observado,False,0.0,observado,False
SAN BUENAVENTURA,2026-03-24 00:00:00+00:00,24.974777777777778,,,,97.06666666666666,,,,0.0,,,interpolacion_lineal,True,,interpolacion_lineal,True,,interpolacion_lineal,True
SAN BUENAVENTURA,2026-03-25 00:00:00+00:00,25.497888888888887,,,,94.13333333333334,,,,0.0,,,interpolacion_lineal,True,,interpolacion_lineal,True,,interpolacion_lineal,True
SAN BUENAVENTURA,2026-03-26 00:00:00+00:00,26.020999999999997,23.0,29.76,10.0,91.2,80.0,100.0,10.0,0.0,2026-03-26 14:00:00+00:00,26.020999999999997,observado,False,91.2,observado,False,0.0,observado,False
SAN BUENAVENTURA,2026-03-27 00:00:00+00:00,24.965833333333332,22.5,29.48,24.0,95.08333333333331,76.0,100.0,24.0,0.0,2026-03-27 12:00:00+00:00,24.965833333333332,observado,False,95.08333333333331,observado,False,0.0,observado,False
SAN BUENAVENTURA,2026-03-28 00:00:00+00:00,24.18,23.99,24.37,2.0,100.0,100.0,100.0,2.0,0.0,2026-03-28 01:00:00+00:00,24.18,observado,False,100.0,observado,False,0.0,observado,False
SAN BUENAVENTURA,2026-03-29 00:00:00+00:00,26.434285714285714,,,,89.57142857142857,,,,0.0,,,interpolacion_lineal,True,,interpolacion_lineal,True,,interpolacion_lineal,True
SAN BUENAVENTURA,2026-03-30 00:00:00+00:00,28.68857142857143,24.64,30.41,7.0,79.14285714285714,67.0,100.0,7.0,0.0,2026-03-30 17:00:00+00:00,28.68857142857143,observado,False,79.14285714285714,observado,False,0.0,observado,False
SAN BUENAVENTURA,2026-03-31 00:00:00+00:00,27.155833333333337,23.03,34.19,24.0,85.66666666666667,51.0,100.0,24.0,0.0,2026-03-31 12:00:00+00:00,27.155833333333337,observado,False,85.66666666666667,observado,False,0.0,observado,False
SAN BUENAVENTURA,2026-04-01 00:00:00+00:00,27.39125,22.54,34.46,24.0,85.29166666666667,56.0,100.0,24.0,0.0,2026-04-01 12:00:00+00:00,27.39125,observado,False,85.29166666666667,observado,False,0.0,observado,False
SAN BUENAVENTURA,2026-04-02 00:00:00+00:00,24.89,24.43,25.73,6.0,98.66666666666669,93.0,100.0,6.0,0.0,2026-04-02 05:00:00+00:00,24.89,observado,False,98.66666666666669,observado,False,0.0,observado,False
SAN BUENAVENTURA,2026-04-03 00:00:00+00:00,30.3675,26.14,35.13,4.0,75.0,49.0,92.0,4.0,0.0,2026-04-03 20:00:00+00:00,30.3675,observado,False,75.0,observado,False,0.0,observado,False
SAN BUENAVENTURA,2026-04-04 00:00:00+00:00,24.99642857142857,23.45,29.24,14.0,94.78571428571428,75.0,100.0,14.0,0.0,2026-04-04 12:00:00+00:00,24.99642857142857,observado,False,94.78571428571428,observado,False,0.0,observado,False
